CREATE TABLE Region(
    id_region int NOT null AUTO_INCREMENT,
    nombre varchar(50) NOT null,
    PRIMARY KEY (id_region)
);

CREATE TABLE Ciudad(
    id_ciudad int NOT null AUTO_INCREMENT,
    id_region int NOT null,
    nombre varchar(50) NOT null,
    PRIMARY KEY(id_ciudad),
    CONSTRAINT id_region FOREIGN KEY(id_region) REFERENCES Region(id_region)
);

CREATE TABLE Comuna(
    id_comuna int NOT null AUTO_INCREMENT,
    id_ciudad int NOT null,
    nombre varchar(50) NOT null,
    PRIMARY KEY(id_comuna),
    CONSTRAINT id_ciudad FOREIGN KEY(id_ciudad) REFERENCES Ciudad(id_ciudad)
);

CREATE TABLE Sucursal(
    id_sucursal int NOT null AUTO_INCREMENT,
    id_comuna int NOT null,
    nombre_sucursal varchar(50) NOT null,
    direccion_sucursal varchar(50) NOT null,
    correo_sucursal varchar(30) NOT null,
    PRIMARY KEY(id_sucursal),
    CONSTRAINT su_id_comuna FOREIGN KEY(id_comuna) REFERENCES Comuna(id_comuna)
);

CREATE TABLE Telefonos_sucursal(
    id_telefonos_sucursal int NOT null AUTO_INCREMENT,
    id_sucursal int NOT null,
    numero varchar(14) NOT null,
    PRIMARY KEY(id_telefonos_sucursal),
    CONSTRAINT te_id_sucursal FOREIGN KEY(id_sucursal) REFERENCES Sucursal(id_sucursal)
);

CREATE TABLE Cliente(
    id_cliente int NOT null AUTO_INCREMENT,
    id_comuna int NOT null,
    rut_cliente varchar(15) NOT null,
    nombre_cliente varchar(20) NOT null,
    app_cliente varchar(20) NOT null,
    apm_cliente varchar(20) NOT null,
    direccion_cliente varchar(50) NOT null,
    correo_cliente varchar(30) NOT null,
    PRIMARY KEY(id_cliente),
    CONSTRAINT cl_id_comuna FOREIGN KEY(id_comuna) REFERENCES Comuna(id_comuna)
);

CREATE TABLE Telefonos_cliente(
    id_telefonos_cliente int NOT null AUTO_INCREMENT,
    id_cliente int NOT null,
    numero varchar(14) NOT null,
    PRIMARY KEY(id_telefonos_cliente),
    CONSTRAINT te_id_cliente FOREIGN KEY(id_cliente) REFERENCES Cliente(id_cliente)
);

CREATE TABLE Vendedor(
    id_vendedor int NOT null AUTO_INCREMENT,
    id_sucursal int NOT null,
    rut_vendedor varchar(15) NOT null,
    nombre_vendedor varchar(20) NOT null,
    app_vendedor varchar(20) NOT null,
    apm_vendedor varchar(20) NOT null,
    direccion_vendedor varchar(50) NOT null,
    telefono_vendedor varchar(14) NOT null,
    PRIMARY KEY(id_vendedor),
    CONSTRAINT ve_id_sucursal FOREIGN KEY(id_sucursal) REFERENCES Sucursal(id_sucursal)
);

CREATE TABLE Tipo_servicio(
    id_tipo_servicio int NOT null AUTO_INCREMENT,
    nombre varchar(20) NOT null,
    PRIMARY KEY(id_tipo_servicio)
);

CREATE TABLE Servicio(
    id_servicio int NOT null AUTO_INCREMENT,
    id_tipo_servicio int NOT null,
    precio int NOT null,
    dias int NOT null,
    PRIMARY KEY(id_servicio),
    CONSTRAINT se_id_tipo_servicio FOREIGN KEY(id_tipo_servicio) REFERENCES Tipo_servicio(id_tipo_servicio)
);

CREATE TABLE Tipo_prenda(
    id_tipo_prenda int NOT null AUTO_INCREMENT,
    descripcion varchar(20) NOT null,
    PRIMARY KEY(id_tipo_prenda)
);

CREATE TABLE Estado_detalle_orden(
    id_estado_det int NOT null AUTO_INCREMENT,
    descripcion varchar(20) not null,
    PRIMARY KEY(id_estado_det)
);

CREATE TABLE Estado_orden(
    id_estado int NOT null AUTO_INCREMENT,
    nombre_estado varchar(20) NOT null,
    PRIMARY KEY(id_estado)
);

CREATE TABLE Orden_servicio(
    id_orden int NOT null AUTO_INCREMENT,
    id_cliente int NOT null,
    id_vendedor int NOT null,
    id_estado int NOT null,
    fecha_recepcion datetime NOT null,
    fecha_entrega datetime NOT null,
    PRIMARY KEY(id_orden),
    CONSTRAINT or_id_cliente FOREIGN KEY(id_cliente) REFERENCES Cliente(id_cliente),
    CONSTRAINT or_id_vendedor FOREIGN KEY(id_vendedor) REFERENCES Vendedor(id_vendedor),
    CONSTRAINT or_id_estado FOREIGN KEY(id_estado) REFERENCES Estado_orden(id_estado)
);

CREATE TABLE Detalle_orden(
    id_detalle int NOT null AUTO_INCREMENT,
    id_orden int NOT null,
    id_tipo_prenda int NOT null,
    id_estado_det int NOT null,
    observacion_prenda varchar(20) NOT null,
    PRIMARY KEY(id_detalle),
    CONSTRAINT deo_id_orden FOREIGN KEY(id_orden) REFERENCES Orden_servicio(id_orden),
    CONSTRAINT deo_id_tipo_prenda FOREIGN KEY(id_tipo_prenda) REFERENCES Tipo_prenda(id_tipo_prenda),
    CONSTRAINT deo_id_estado_det FOREIGN KEY(id_estado_det) REFERENCES Estado_detalle_orden(id_estado_det)
);

CREATE TABLE Detalle_servicio_prenda(
    id_recepcion_servicio int NOT null AUTO_INCREMENT,
    id_servicio int NOT null,
    id_detalle int NOT null,
    PRIMARY KEY(id_recepcion_servicio),
    CONSTRAINT des_id_servicio FOREIGN KEY(id_servicio) REFERENCES Servicio(id_servicio),
    CONSTRAINT des_id_detalle FOREIGN KEY(id_detalle) REFERENCES Detalle_orden(id_detalle)
);

CREATE TABLE Metodo_pago(
    id_metodo_pago int NOT null AUTO_INCREMENT,
    nombre_metodo_pago varchar(20) NOT null,
    PRIMARY KEY(id_metodo_pago)
);

CREATE TABLE Boleta(
    id_boleta int NOT null AUTO_INCREMENT,
    id_metodo_pago int NOT null,
    id_orden int NOT null,
    neto int NOT null,
    iva int NOT null,
    PRIMARY KEY(id_boleta),
    CONSTRAINT bo_id_metodo_pago FOREIGN KEY(id_metodo_pago) REFERENCES Metodo_pago(id_metodo_pago),
    CONSTRAINT bo_id_orden FOREIGN KEY(id_orden) REFERENCES Orden_servicio(id_orden)
);

INSERT INTO `region` (`nombre`) VALUES
('Tarapacá'),
('Antofagasta'),
('Atacama'),
('Coquimbo'),
('Valparaíso'),
('Región del Libertador Gral. Bernardo O´Higgins'),
('Región del Maule'),
('Región del Biobío'),
('Región de la Araucanía'),
('Región de Los Lagos'),
('Región Aisén del Gral. Carlos Ibáñez del Campo'),
('Región de Magallanes y de la Antártica Chilena'),
('Región Metropolitana de Santiago'),
('Región de Los Ríos'),
('Arica y Parinacota');

INSERT INTO `ciudad` (`id_ciudad`, `nombre`, `id_region`) VALUES
(1, 'Arica', 15),
(2, 'Parinacota', 15),
(3, 'Iquique', 1),
(4, 'Tamarugal', 1),
(5, 'Antofagasta', 2),
(6, 'El Loa', 2),
(7, 'Tocopilla', 2),
(8, 'Copiapó', 3),
(9, 'Chañaral', 3),
(10, 'Huasco', 3),
(11, 'Elqui', 4),
(12, 'Choapa', 4),
(13, 'Limarí', 4),
(14, 'Valparaíso', 5),
(15, 'Isla de Pascua', 5),
(16, 'Los Andes', 5),
(17, 'Petorca', 5),
(18, 'Quillota', 5),
(19, 'San Antonio', 5),
(20, 'San Felipe de Aconcagua', 5),
(21, 'Marga Marga', 5),
(22, 'Cachapoal', 6),
(23, 'Cardenal Caro', 6),
(24, 'Colchagua', 6),
(25, 'Talca', 7),
(26, 'Cauquenes', 7),
(27, 'Curicó', 7),
(28, 'Linares', 7),
(29, 'Concepción', 8),
(30, 'Arauco', 8),
(31, 'Biobío', 8),
(32, 'Ñuble', 8),
(33, 'Cautín', 9),
(34, 'Malleco', 9),
(35, 'Valdivia', 14),
(36, 'Ranco', 14),
(37, 'Llanquihue', 10),
(38, 'Chiloé', 10),
(39, 'Osorno', 10),
(40, 'Palena', 10),
(41, 'Coihaique', 11),
(42, 'Aisén', 11),
(43, 'Capitán Prat', 11),
(44, 'General Carrera', 11),
(45, 'Magallanes', 12),
(46, 'Antártica Chilena', 12),
(47, 'Tierra del Fuego', 12),
(48, 'Última Esperanza', 12),
(49, 'Santiago', 13),
(50, 'Cordillera', 13),
(51, 'Chacabuco', 13),
(52, 'Maipo', 13),
(53, 'Melipilla', 13),
(54, 'Talagante', 13);

INSERT INTO `comuna` (`id_comuna`, `nombre`, `id_ciudad`) VALUES
(1, 'Iquique', 3),
(2, 'Alto Hospicio', 3),
(3, 'Pozo Almonte', 4),
(4, 'Camiña', 4),
(5, 'Colchane', 4),
(6, 'Huara', 4),
(7, 'Pica', 4),
(8, 'Antofagasta', 5),
(9, 'Mejillones', 5),
(10, 'Sierra Gorda', 5),
(11, 'Taltal', 5),
(12, 'Calama', 6),
(13, 'Ollagüe', 6),
(14, 'San Pedro de Atacama', 6),
(15, 'Tocopilla', 7),
(16, 'María Elena', 7),
(17, 'Copiapó', 8),
(18, 'Caldera', 8),
(19, 'Tierra Amarilla', 8),
(20, 'Chañaral', 9),
(21, 'Diego de Almagro', 9),
(22, 'Vallenar', 10),
(23, 'Alto del Carmen', 10),
(24, 'Freirina', 10),
(25, 'Huasco', 10),
(26, 'La Serena', 11),
(27, 'Coquimbo', 11),
(28, 'Andacollo', 11),
(29, 'La Higuera', 11),
(30, 'Paihuano', 11),
(31, 'Vicuña', 11),
(32, 'Illapel', 12),
(33, 'Canela', 12),
(34, 'Los Vilos', 12),
(35, 'Salamanca', 12),
(36, 'Ovalle', 13),
(37, 'Combarbalá', 13),
(38, 'Monte Patria', 13),
(39, 'Punitaqui', 13),
(40, 'Río Hurtado', 13),
(41, 'Valparaíso', 14),
(42, 'Casablanca', 14),
(43, 'Concón', 14),
(44, 'Juan Fernández', 14),
(45, 'Puchuncaví', 14),
(46, 'Quintero', 14),
(47, 'Viña del Mar', 14),
(48, 'Isla de Pascua', 15),
(49, 'Los Andes', 16),
(50, 'Calle Larga', 16),
(51, 'Rinconada', 16),
(52, 'San Esteban', 16),
(53, 'La Ligua', 17),
(54, 'Cabildo', 17),
(55, 'Papudo', 17),
(56, 'Petorca', 17),
(57, 'Zapallar', 17),
(58, 'Quillota', 18),
(59, 'La Calera', 18),
(60, 'Hijuelas', 18),
(61, 'La Cruz', 18),
(62, 'Nogales', 18),
(63, 'San Antonio', 19),
(64, 'Algarrobo', 19),
(65, 'Cartagena', 19),
(66, 'El Quisco', 19),
(67, 'El Tabo', 19),
(68, 'Santo Domingo', 19),
(69, 'San Felipe', 20),
(70, 'Catemu', 20),
(71, 'Llay Llay', 20),
(72, 'Panquehue', 20),
(73, 'Putaendo', 20),
(74, 'Santa María', 20),
(75, 'Quilpué', 21),
(76, 'Limache', 21),
(77, 'Olmué', 21),
(78, 'Villa Alemana', 21),
(79, 'Rancagua', 22),
(80, 'Codegua', 22),
(81, 'Coinco', 22),
(82, 'Coltauco', 22),
(83, 'Doñihue', 22),
(84, 'Graneros', 22),
(85, 'Las Cabras', 22),
(86, 'Machalí', 22),
(87, 'Malloa', 22),
(88, 'Mostazal', 22),
(89, 'Olivar', 22),
(90, 'Peumo', 22),
(91, 'Pichidegua', 22),
(92, 'Quinta de Tilcoco', 22),
(93, 'Rengo', 22),
(94, 'Requínoa', 22),
(95, 'San Vicente', 22),
(96, 'Pichilemu', 23),
(97, 'La Estrella', 23),
(98, 'Litueche', 23),
(99, 'Marchihue', 23),
(100, 'Navidad', 23),
(101, 'Paredones', 23),
(102, 'San Fernando', 24),
(103, 'Chépica', 24),
(104, 'Chimbarongo', 24),
(105, 'Lolol', 24),
(106, 'Nancagua', 24),
(107, 'Palmilla', 24),
(108, 'Peralillo', 24),
(109, 'Placilla', 24),
(110, 'Pumanque', 24),
(111, 'Santa Cruz', 24),
(112, 'Talca', 25),
(113, 'Constitución', 25),
(114, 'Curepto', 25),
(115, 'Empedrado', 25),
(116, 'Maule', 25),
(117, 'Pelarco', 25),
(118, 'Pencahue', 25),
(119, 'Río Claro', 25),
(120, 'San Clemente', 25),
(121, 'San Rafael', 25),
(122, 'Cauquenes', 26),
(123, 'Chanco', 26),
(124, 'Pelluhue', 26),
(125, 'Curicó', 27),
(126, 'Hualañé', 27),
(127, 'Licantén', 27),
(128, 'Molina', 27),
(129, 'Rauco', 27),
(130, 'Romeral', 27),
(131, 'Sagrada Familia', 27),
(132, 'Teno', 27),
(133, 'Vichuquén', 27),
(134, 'Linares', 28),
(135, 'Colbún', 28),
(136, 'Longaví', 28),
(137, 'Parral', 28),
(138, 'Retiro', 28),
(139, 'San Javier', 28),
(140, 'Villa Alegre', 28),
(141, 'Yerbas Buenas', 28),
(142, 'Concepción', 29),
(143, 'Coronel', 29),
(144, 'Chiguayante', 29),
(145, 'Florida', 29),
(146, 'Hualqui', 29),
(147, 'Lota', 29),
(148, 'Penco', 29),
(149, 'San Pedro de la Paz', 29),
(150, 'Santa Juana', 29),
(151, 'Talcahuano', 29),
(152, 'Tomé', 29),
(153, 'Hualpén', 29),
(154, 'Lebu', 30),
(155, 'Arauco', 30),
(156, 'Cañete', 30),
(157, 'Contulmo', 30),
(158, 'Curanilahue', 30),
(159, 'Los Álamos', 30),
(160, 'Tirúa', 30),
(161, 'Los Ángeles', 31),
(162, 'Antuco', 31),
(163, 'Cabrero', 31),
(164, 'Laja', 31),
(165, 'Mulchén', 31),
(166, 'Nacimiento', 31),
(167, 'Negrete', 31),
(168, 'Quilaco', 31),
(169, 'Quilleco', 31),
(170, 'San Rosendo', 31),
(171, 'Santa Bárbara', 31),
(172, 'Tucapel', 31),
(173, 'Yumbel', 31),
(174, 'Alto Biobío', 31),
(175, 'Chillán', 32),
(176, 'Bulnes', 32),
(177, 'Cobquecura', 32),
(178, 'Coelemu', 32),
(179, 'Coihueco', 32),
(180, 'Chillán Viejo', 32),
(181, 'El Carmen', 32),
(182, 'Ninhue', 32),
(183, 'Ñiquén', 32),
(184, 'Pemuco', 32),
(185, 'Pinto', 32),
(186, 'Portezuelo', 32),
(187, 'Quillón', 32),
(188, 'Quirihue', 32),
(189, 'Ránquil', 32),
(190, 'San Carlos', 32),
(191, 'San Fabián', 32),
(192, 'San Ignacio', 32),
(193, 'San Nicolás', 32),
(194, 'Treguaco', 32),
(195, 'Yungay', 32),
(196, 'Temuco', 33),
(197, 'Carahue', 33),
(198, 'Cunco', 33),
(199, 'Curarrehue', 33),
(200, 'Freire', 33),
(201, 'Galvarino', 33),
(202, 'Gorbea', 33),
(203, 'Lautaro', 33),
(204, 'Loncoche', 33),
(205, 'Melipeuco', 33),
(206, 'Nueva Imperial', 33),
(207, 'Padre las Casas', 33),
(208, 'Perquenco', 33),
(209, 'Pitrufquén', 33),
(210, 'Pucón', 33),
(211, 'Saavedra', 33),
(212, 'Teodoro Schmidt', 33),
(213, 'Toltén', 33),
(214, 'Vilcún', 33),
(215, 'Villarrica', 33),
(216, 'Cholchol', 33),
(217, 'Angol', 34),
(218, 'Collipulli', 34),
(219, 'Curacautín', 34),
(220, 'Ercilla', 34),
(221, 'Lonquimay', 34),
(222, 'Los Sauces', 34),
(223, 'Lumaco', 34),
(224, 'Purén', 34),
(225, 'Renaico', 34),
(226, 'Traiguén', 34),
(227, 'Victoria', 34),
(228, 'Puerto Montt', 37),
(229, 'Calbuco', 37),
(230, 'Cochamó', 37),
(231, 'Fresia', 37),
(232, 'Frutillar', 37),
(233, 'Los Muermos', 37),
(234, 'Llanquihue', 37),
(235, 'Maullín', 37),
(236, 'Puerto Varas', 37),
(237, 'Castro', 38),
(238, 'Ancud', 38),
(239, 'Chonchi', 38),
(240, 'Curaco de Vélez', 38),
(241, 'Dalcahue', 38),
(242, 'Puqueldón', 38),
(243, 'Queilén', 38),
(244, 'Quellón', 38),
(245, 'Quemchi', 38),
(246, 'Quinchao', 38),
(247, 'Osorno', 39),
(248, 'Puerto Octay', 39),
(249, 'Purranque', 39),
(250, 'Puyehue', 39),
(251, 'Río Negro', 39),
(252, 'San Juan de la Costa', 39),
(253, 'San Pablo', 39),
(254, 'Chaitén', 40),
(255, 'Futaleufú', 40),
(256, 'Hualaihué', 40),
(257, 'Palena', 40),
(258, 'Coyhaique', 41),
(259, 'Lago Verde', 41),
(260, 'Aysén', 42),
(261, 'Cisnes', 42),
(262, 'Guaitecas', 42),
(263, 'Cochrane', 43),
(264, 'O''Higgins', 43),
(265, 'Tortel', 43),
(266, 'Chile Chico', 44),
(267, 'Río Ibáñez', 44),
(268, 'Punta Arenas', 45),
(269, 'Laguna Blanca', 45),
(270, 'Río Verde', 45),
(271, 'San Gregorio', 45),
(272, 'Cabo de Hornos', 46),
(273, 'Antártica', 46),
(274, 'Porvenir', 47),
(275, 'Primavera', 47),
(276, 'Timaukel', 47),
(277, 'Natales', 48),
(278, 'Torres del Paine', 48),
(279, 'Santiago', 49),
(280, 'Cerrillos', 49),
(281, 'Cerro Navia', 49),
(282, 'Conchalí', 49),
(283, 'El Bosque', 49),
(284, 'Estación Central', 49),
(285, 'Huechuraba', 49),
(286, 'Independencia', 49),
(287, 'La Cisterna', 49),
(288, 'La Florida', 49),
(289, 'La Granja', 49),
(290, 'La Pintana', 49),
(291, 'La Reina', 49),
(292, 'Las Condes', 49),
(293, 'Lo Barnechea', 49),
(294, 'Lo Espejo', 49),
(295, 'Lo Prado', 49),
(296, 'Macul', 49),
(297, 'Maipú', 49),
(298, 'Ñuñoa', 49),
(299, 'Pedro Aguirre Cerda', 49),
(300, 'Peñalolén', 49),
(301, 'Providencia', 49),
(302, 'Pudahuel', 49),
(303, 'Quilicura', 49),
(304, 'Quinta Normal', 49),
(305, 'Recoleta', 49),
(306, 'Renca', 49),
(307, 'San Joaquín', 49),
(308, 'San Miguel', 49),
(309, 'San Ramón', 49),
(310, 'Vitacura', 49),
(311, 'Puente Alto', 50),
(312, 'Pirque', 50),
(313, 'San José de Maipo', 50),
(314, 'Colina', 51),
(315, 'Lampa', 51),
(316, 'Tiltil', 51),
(317, 'San Bernardo', 52),
(318, 'Buin', 52),
(319, 'Calera de Tango', 52),
(320, 'Paine', 52),
(321, 'Melipilla', 53),
(322, 'Alhué', 53),
(323, 'Curacaví', 53),
(324, 'María Pinto', 53),
(325, 'San Pedro', 53),
(326, 'Talagante', 54),
(327, 'El Monte', 54),
(328, 'Isla de Maipo', 54),
(329, 'Padre Hurtado', 54),
(330, 'Peñaflor', 54),
(331, 'Valdivia', 35),
(332, 'Corral', 35),
(333, 'Lanco', 35),
(334, 'Los Lagos', 35),
(335, 'Máfil', 35),
(336, 'Mariquina', 35),
(337, 'Paillaco', 35),
(338, 'Panguipulli', 35),
(339, 'La Unión', 36),
(340, 'Futrono', 36),
(341, 'Lago Ranco', 36),
(342, 'Río Bueno', 36),
(343, 'Arica', 1),
(344, 'Camarones', 1),
(345, 'Putre', 2),
(346, 'General Lagos', 2);

INSERT INTO `sucursal` (`id_comuna`, `nombre_sucursal`, `direccion_sucursal`, `correo_sucursal`) VALUES
(292, 'Mall Parque Arauco', 'Av Presidente Kennedy 5413', 'serclientepa@extralimpio.cl'),
(292, 'Mall Alto las Condes', 'Av Presidente Kennedy 9001', 'serclientealc@extralimpio.cl'),
(26, 'Mall Plaza la Serena', 'Av Alberto Solari 1400', 'serclientepls@extralimpio.cl'),
(288, 'Mall Florida Center', 'Vicuña Mackenna Oriente 6100', 'serclientefc@extralimpio.cl');

INSERT INTO `telefonos_sucursal` (`id_sucursal`, `numero`) VALUES
(1, 56227318763),
(2, 56222996965),
(3, 5625857000),
(4, 56227206700);